Selected for Sampling,Complaint Log Year,Complaint Log Month,Program - BIN,Bank Approved Program Name,Program - Bin Type (SF),Consumer Full Name,Account Token/ID,Date Complaint  Received,Compliant End Date,Days Open,Days Elapsed Calculated,True Complaint or Inquiry?,Complaint Source,Complaint Type,Root Cause,Root Cause Narrative,Complaint Details,Brief Summary of Resolution,Response,Program - Customer Support Method
no,2025,January,12345,The Dummy Bank,Consumer Credit,Nikola Jokic,1-act,1/4/25,1/4/25,,0,,Intercom,Lost Card,Lost card,,Lost card,"Paused card in the app | sent lost card macro, request current address to order a replacement card",N/A,Mobile Chat;Web Chat;Email;Call Center
no,2025,January,12345,The Dummy Bank,Consumer Credit,Nikola Jokic,2-act,1/7/25,1/7/25,,0,,Intercom,Unrecognized charges,Unrecognized charges,,Unrecognized charges,"Card closed, sent dispute form",N/A,Mobile Chat;Web Chat;Email;Call Center
no,2025,January,12345,The Dummy Bank,Consumer Credit,Nikola Jokic,3-act,1/8/25,1/8/25,,0,,Intercom,Lost card,Lost card,,Lost card,Paused card in the app | advise user of the $20 replacement fee for metal card and the option of getting a free plastic card.,N/A,Mobile Chat;Web Chat;Email;Call Center
no,2025,January,12345,The Dummy Bank,Consumer Credit,Nikola Jokic,4-act,1/8/25,1/9/25,,1,,Intercom,Unrecognized charges,Unrecognized charges,,Unrecognized charges,"Card closed, sent dispute form",N/A,Mobile Chat;Web Chat;Email;Call Center
no,2025,January,12345,The Dummy Bank,Consumer Credit,Nikola Jokic,5-act,1/7/25,1/9/25,,2,,Intercom,Unrecognized charges,Unrecognized charges,,Unrecognized charges,"Card closed, sent a new card, sent dispute form",N/A,Mobile Chat;Web Chat;Email;Call Center
no,2025,January,12345,The Dummy Bank,Consumer Credit,Nikola Jokic,6-act,1/11/25,1/11/25,,0,,Intercom,Unrecognized charges,Unrecognized charges,,Unrecognized charges,"Customer wants to close account due to suspected fraud and lack of credit limit increase. We replaced the card and sent a new metal card, explained the benefits they get on their annual plan.",N/A,Mobile Chat;Web Chat;Email;Call Center
no,2025,January,12345,The Dummy Bank,Consumer Credit,Nikola Jokic,7-act,1/20/25,1/20/25,,0,,Intercom,Lost card,Lost card,,Lost card,"Paused card in the app | sent lost card macro, request current address to order a replacement card",N/A,Mobile Chat;Web Chat;Email;Call Center
no,2025,January,12345,The Dummy Bank,Consumer Credit,Nikola Jokic,8-act,1/30/25,1/30/25,,0,,Intercom,Direct Deposit,Direct Deposit,,Direct Deposit,Inquiring about the status of payroll direct deposit. Advised the Uswer of the 2-5 BD TF,N/A,Mobile Chat;Web Chat;Email;Call Center
no,2025,January,12345,The Dummy Bank,Consumer Credit,Nikola Jokic,9-act,1/22/25,1/28/25,,6,,Intercom,Annual Upgrade,Annual Upgrade,,Annual Upgrade,User wanted to get refund for the Annual fee as she wanted to downgrade. She never received the metal card,N/A,Mobile Chat;Web Chat;Email;Call Center
no,2025,January,12345,The Dummy Bank,Consumer Credit,Nikola Jokic,10-act,1/13/25,1/13/25,,0,,Intercom,Account Set Up,Account Set Up,,Account Set Up,Unable to click on the Home Screen button. Advised that she have to finish watching all onboarding video.,N/A,Mobile Chat;Web Chat;Email;Call Center
no,2025,January,12345,The Dummy Bank,Consumer Credit,Nikola Jokic,11-act,1/11/25,1/13/25,,2,,Intercom,Physical Card,Physical Card,,Physical Card,User did not received Physical card. Walk the User though on how to activate Virtual ard while waiting for the physical card,N/A,Mobile Chat;Web Chat;Email;Call Center
no,2025,January,12345,The Dummy Bank,Consumer Credit,Nikola Jokic,12-act,1/11/25,1/11/25,,0,,Intercom,Identity theft,Identity theft,,Identity theft,Closed account tagged as fraud ID theft,N/A,Mobile Chat;Web Chat;Email;Call Center
no,2025,January,12345,The Dummy Bank,Consumer Credit,Nikola Jokic,13-act,1/12/25,1/13/25,,1,,Intercom,Identity theft,Identity theft,,Identity theft,Closed account tagged as fraud ID theft,N/A,Mobile Chat;Web Chat;Email;Call Center
no,2025,January,12345,The Dummy Bank,Consumer Credit,Nikola Jokic,14-act,1/12/25,1/12/25,,0,,Intercom,Identity theft,Identity theft,,Identity theft,Closed account tagged as fraud ID theft,N/A,Mobile Chat;Web Chat;Email;Call Center
no,2025,January,12345,The Dummy Bank,Consumer Credit,Nikola Jokic,15-act,1/11/25,1/12/25,,1,,Intercom,Identity theft,Identity theft,,Identity theft,Closed account tagged as fraud ID theft,N/A,Mobile Chat;Web Chat;Email;Call Center
no,2025,January,12345,The Dummy Bank,Consumer Credit,Nikola Jokic,16-act,1/15/25,1/16/25,,1,,Intercom,Identity theft,Identity theft,,Identity theft,Closed account tagged as fraud ID theft,N/A,Mobile Chat;Web Chat;Email;Call Center
no,2025,January,12345,The Dummy Bank,Consumer Credit,Nikola Jokic,17-act,1/16/25,1/16/25,,0,,Intercom,Identity theft,Identity theft,,Identity theft,Closed account tagged as fraud ID theft,N/A,Mobile Chat;Web Chat;Email;Call Center
no,2025,January,12345,The Dummy Bank,Consumer Credit,Nikola Jokic,18-act,1/2/25,1/2/25,,0,,Intercom,Unhappy with product,Unhappy with product,,Unhappy with product,User upset about the amount of unsecured credit they were offered. We explained to the user the best ways to build credit over time.,N/A,Mobile Chat;Web Chat;Email;Call Center
no,2025,January,12345,The Dummy Bank,Consumer Credit,Nikola Jokic,19-act,1/20/25,1/21/25,,1,,Intercom,Duplicate Account,Duplicate Account,,Duplicate Account,"The user contacted us to address a membership renewal text message they received, despite having already cancelled their account. We helped close the duplicate account and assured no charges will be made.",N/A,Mobile Chat;Web Chat;Email;Call Center
no,2025,January,12345,The Dummy Bank,Consumer Credit,Nikola Jokic,20-act,1/11/25,1/13/25,,2,,Intercom,Card Delivery & Charges,Card Delivery & Charges,,Unrecognized charges,User is experiencing issues with receiving their credit card and unauthorized deductions from their account. We explained provides options for bill payments and transfers from Atlas to linked bank account and use of VC.,N/A,Mobile Chat;Web Chat;Email;Call Center
no,2025,February,12345,The Dummy Bank,Consumer Credit,Nikola Jokic,21-act,2/6/25,2/6/25,,0,,Intercom,Lost Card,Lost card,,Lost card,Closed card and order a replacement physical card,N/A,Mobile Chat;Web Chat;Email;Call Center
no,2025,February,12345,The Dummy Bank,Consumer Credit,Nikola Jokic,22-act,2/1/25,2/1/25,,0,,Intercom,Potential identity theft,Potential identity theft,,User claims they did not open this account,Account closed,N/A,Mobile Chat;Web Chat;Email;Call Center
no,2025,February,12345,The Dummy Bank,Consumer Credit,Nikola Jokic,23-act,2/3/25,2/3/25,,0,,Intercom,Potential identity theft,Potential identity theft,,User claims they did not open this account,Account closed,N/A,Mobile Chat;Web Chat;Email;Call Center
no,2025,February,12345,The Dummy Bank,Consumer Credit,Nikola Jokic,24-act,2/4/25,2/4/25,,0,,Intercom,Potential identity theft,Potential identity theft,,User claims they did not open this account,Account closed,N/A,Mobile Chat;Web Chat;Email;Call Center
no,2025,February,12345,The Dummy Bank,Consumer Credit,Nikola Jokic,25-act,2/4/25,2/8/25,,4,,Intercom,Potential identity theft,Potential identity theft,,User claims they did not open this account,Account closed,N/A,Mobile Chat;Web Chat;Email;Call Center
no,2025,February,12345,The Dummy Bank,Consumer Credit,Nikola Jokic,26-act,2/5/25,2/6/25,,1,,Intercom,Potential identity theft,Potential identity theft,,User claims they did not open this account,Account closed,N/A,Mobile Chat;Web Chat;Email;Call Center
no,2025,February,12345,The Dummy Bank,Consumer Credit,Nikola Jokic,27-act,2/6/25,2/7/25,,1,,Intercom,Potential identity theft,Potential identity theft,,User claims they did not open this account,Account closed,N/A,Mobile Chat;Web Chat;Email;Call Center
no,2025,February,12345,The Dummy Bank,Consumer Credit,Nikola Jokic,28-act,2/7/25,2/16/25,,9,,Intercom,Potential identity theft,Potential identity theft,,User claims they did not open this account,Account closed,N/A,Mobile Chat;Web Chat;Email;Call Center
no,2025,February,12345,The Dummy Bank,Consumer Credit,Nikola Jokic,29-act,2/8/25,2/10/25,,2,,Intercom,Potential identity theft,Potential identity theft,,User claims they did not open this account,Account closed,N/A,Mobile Chat;Web Chat;Email;Call Center
no,2025,February,12345,The Dummy Bank,Consumer Credit,Nikola Jokic,30-act,2/10/24,2/11/24,,1,,Intercom,Potential identity theft,Potential identity theft,,User claims they did not open this account,Account closed,N/A,Mobile Chat;Web Chat;Email;Call Center
no,2025,February,12345,The Dummy Bank,Consumer Credit,Nikola Jokic,31-act,2/11/25,2/14/25,,3,,Intercom,Potential identity theft,Potential identity theft,,User claims they did not open this account,Account closed,N/A,Mobile Chat;Web Chat;Email;Call Center
no,2025,February,12345,The Dummy Bank,Consumer Credit,Nikola Jokic,32-act,2/14/25,2/14/25,,0,,Intercom,Potential identity theft,Potential identity theft,,User claims they did not open this account,Account closed,N/A,Mobile Chat;Web Chat;Email;Call Center
no,2025,February,12345,The Dummy Bank,Consumer Credit,Nikola Jokic,33-act,2/14/25,2/16/25,,2,,Intercom,Potential identity theft,Potential identity theft,,User claims they did not open this account,Account closed,N/A,Mobile Chat;Web Chat;Email;Call Center
no,2025,February,12345,The Dummy Bank,Consumer Credit,Nikola Jokic,34-act,2/17/25,2/19/25,,2,,Intercom,Potential identity theft,Potential identity theft,,User claims they did not open this account,Account closed,N/A,Mobile Chat;Web Chat;Email;Call Center
no,2025,February,12345,The Dummy Bank,Consumer Credit,Nikola Jokic,35-act,2/10/25,2/19/25,,9,,Intercom,Potential identity theft,Potential identity theft,,User claims they did not open this account,Account closed,N/A,Mobile Chat;Web Chat;Email;Call Center
no,2025,February,12345,The Dummy Bank,Consumer Credit,Nikola Jokic,36-act,2/20/25,2/21/25,,1,,Intercom,Potential identity theft,Potential identity theft,,User claims they did not open this account,Account closed,N/A,Mobile Chat;Web Chat;Email;Call Center
no,2025,February,12345,The Dummy Bank,Consumer Credit,Nikola Jokic,37-act,2/21/25,2/21/25,,0,,Intercom,Potential identity theft,Potential identity theft,,User claims they did not open this account,Account closed,N/A,Mobile Chat;Web Chat;Email;Call Center
no,2025,February,12345,The Dummy Bank,Consumer Credit,Nikola Jokic,38-act,2/21/25,2/23/25,,2,,Intercom,Potential identity theft,Potential identity theft,,User claims they did not open this account,Account closed,N/A,Mobile Chat;Web Chat;Email;Call Center
no,2025,February,12345,The Dummy Bank,Consumer Credit,Nikola Jokic,39-act,2/24/25,2/24/25,,0,,Intercom,Potential identity theft,Potential identity theft,,User claims they did not open this account,Account closed,N/A,Mobile Chat;Web Chat;Email;Call Center
no,2025,February,12345,The Dummy Bank,Consumer Credit,Nikola Jokic,40-act,2/24/25,2/24/25,,0,,Intercom,Potential identity theft,Potential identity theft,,User claims they did not open this account,Account closed,N/A,Mobile Chat;Web Chat;Email;Call Center
no,2025,January,12345,The Dummy Bank,Consumer Credit,Nikola Jokic,41-act,1/2/25,1/8/25,,6,,Form,Funded No Items,Other,,Customer disputed the delivery date of their items,Advised customer to provide proof of delivery date in order to have account updated.,N/A,Mobile Chat;Web Chat;Email;Call Center
no,2025,January,12345,The Dummy Bank,Consumer Credit,Nikola Jokic,42-act,1/2/25,1/2/25,,0,,Form,Damaged Items,Other,,Customer claimed the items had become damaged.,"Advised customer that warranty claims must be handled with the merchant directly, as Koalafi does not offer warranties",N/A,Mobile Chat;Web Chat;Email;Call Center
no,2025,January,12345,The Dummy Bank,Consumer Credit,Nikola Jokic,43-act,1/3/25,1/3/25,,0,,Form,Threat of external complaint,Other,,Customer disputed the terms of the early purchase option,Advised customer of remaining early purchase discount,N/A,Mobile Chat;Web Chat;Email;Call Center
no,2025,January,12345,The Dummy Bank,Consumer Credit,Nikola Jokic,44-act,1/3/25,1/10/25,,7,,Form,Voluntary Return,Other,,Customer requested a Voluntary Return of their leased items,"Voluntary Return pickup completed, customer was advised of remaining minimum agreement term",N/A,Mobile Chat;Web Chat;Email;Call Center
no,2025,January,12345,The Dummy Bank,Consumer Credit,Nikola Jokic,45-act,1/3/25,1/3/25,,0,,Form,Threat of external complaint,Other,,Customer requested a Voluntary Return of their leased items,"Voluntary return pickup completed, no further payments owed or action required.",N/A,Mobile Chat;Web Chat;Email;Call Center
no,2025,January,12345,The Dummy Bank,Consumer Credit,Nikola Jokic,46-act,1/3/25,1/28/25,,25,,Form,Funded No Items,Other,,Customer stated items had not been delivered,Account cancelled per customer's request,N/A,Mobile Chat;Web Chat;Email;Call Center
no,2025,January,12345,The Dummy Bank,Consumer Credit,Nikola Jokic,47-act,1/3/25,1/10/25,,7,,Form,Voluntary Return,Other,,Customer requested a Voluntary Return of their leased items,"Unable to reach customer to schedule pickup for voluntary return, advised customer VR was cancelled and provided contact info should they wish to resume the process",N/A,Mobile Chat;Web Chat;Email;Call Center
no,2025,January,12345,The Dummy Bank,Consumer Credit,Nikola Jokic,48-act,1/4/25,1/29/25,,25,,Form,Voluntary Return,Other,,Customer requested a Voluntary Return of their leased items,"Voluntary Return pickup completed, customer was advised of remaining minimum agreement term",N/A,Mobile Chat;Web Chat;Email;Call Center
no,2025,January,12345,The Dummy Bank,Consumer Credit,Nikola Jokic,49-act,1/6/25,1/15/25,,9,,Form,Funded No Items,Other,,Customer stated items had not been delivered,"Advised customer to speak with the merchant directly to confirm delivery date or cancellation, no further action needed",N/A,Mobile Chat;Web Chat;Email;Call Center
no,2025,January,12345,The Dummy Bank,Consumer Credit,Nikola Jokic,50-act,1/6/25,1/10/25,,4,,Form,Voluntary Return,Other,,Customer requested a Voluntary Return of their leased items,"Customer opted to cancel VR and keep items, no further action required",N/A,Mobile Chat;Web Chat;Email;Call Center
no,2025,January,12345,The Dummy Bank,Consumer Credit,Nikola Jokic,51-act,1/7/25,1/17/25,,10,,Form,Pre-Funded Cancellation,Card cancelled/non-regulatory,,Customer requested to have their account cancelled,"Advised customer they will need to cancel their order with the merchant first, then Koalafi can process the lease cancellation",N/A,Mobile Chat;Web Chat;Email;Call Center
no,2025,January,12345,The Dummy Bank,Consumer Credit,Nikola Jokic,52-act,1/7/25,2/7/25,,31,,Form,Funded No Items,Other,,Customer stated items had not been delivered,Account cancelled per customer's request,N/A,Mobile Chat;Web Chat;Email;Call Center
no,2025,January,12345,The Dummy Bank,Consumer Credit,Nikola Jokic,53-act,1/7/25,1/13/25,,6,,Form,"Lease Terms and Fees (Cash +, Payment Frequency, 1st Payment)",Other,,Customer disputed the terms of the early purchase option,Provided the customer the option to utilize their early purchase option despite it being expired as a courtesy. No further action required,N/A,Mobile Chat;Web Chat;Email;Call Center
no,2025,January,12345,The Dummy Bank,Consumer Credit,Nikola Jokic,54-act,1/8/25,1/8/25,,0,,Form,"Lease Terms and Fees (Cash +, Payment Frequency, 1st Payment)",Other,,Customer disputed the items leased.,"Duplicate case, no action required",N/A,Mobile Chat;Web Chat;Email;Call Center
no,2025,January,12345,The Dummy Bank,Consumer Credit,Nikola Jokic,55-act,1/8/25,1/21/25,,13,,Form,Funded No Items,Other,,Customer stated items had not been delivered,Account cancelled per customer's request,N/A,Mobile Chat;Web Chat;Email;Call Center
no,2025,January,12345,The Dummy Bank,Consumer Credit,Nikola Jokic,56-act,1/9/25,1/27/25,,18,,Form,Funded No Items,Other,,Customer stated items had not been delivered,"Adjusted account to remove items that had not been delivered. Advised customer of account changes, no further action required",N/A,Mobile Chat;Web Chat;Email;Call Center
no,2025,January,12345,The Dummy Bank,Consumer Credit,Nikola Jokic,57-act,1/10/25,1/10/25,,0,,Form,Dealer service/item discrepancy,Other,,Customer claimed the items had become damaged.,"Advised customer that warranty claims must be handled with the merchant directly, as Koalafi does not offer warranties",N/A,Mobile Chat;Web Chat;Email;Call Center
no,2025,January,12345,The Dummy Bank,Consumer Credit,Nikola Jokic,58-act,1/10/25,1/18/25,,8,,Form,Funded No Items,Other,,Customer stated items had not been delivered,"Customer did not return the requested signed affidavit, unable to proceed until affidavit is returned",N/A,Mobile Chat;Web Chat;Email;Call Center
no,2025,January,12345,The Dummy Bank,Consumer Credit,Nikola Jokic,59-act,1/11/25,1/15/25,,4,,Form,Lawyer/Legal Issue,Other,,Customer disputed the status of their account.,Advised customer they will need to provide proof of payment to support their claim that the account was paid by a 3rd party,N/A,Mobile Chat;Web Chat;Email;Call Center
no,2025,January,12345,The Dummy Bank,Consumer Credit,Nikola Jokic,60-act,1/11/25,1/21/25,,10,,Form,Funded No Items,Other,,Customer stated items had not been delivered,"Customer did not return the requested signed affidavit, unable to proceed until affidavit is returned",N/A,Mobile Chat;Web Chat;Email;Call Center
no,2025,January,12345,The Dummy Bank,Consumer Credit,Nikola Jokic,61-act,1/14/25,1/21/25,,7,,Form,Voluntary Return,Other,,Customer requested a Voluntary Return of their leased items,"Voluntary Return pickup completed, customer was advised of remaining minimum agreement term",N/A,Mobile Chat;Web Chat;Email;Call Center
no,2025,January,12345,The Dummy Bank,Consumer Credit,Nikola Jokic,62-act,1/14/25,1/17/25,,3,,Form,Pre-Funded Cancellation,Card cancelled/non-regulatory,,Customer requested to have their account cancelled,Advised customer they can cancel their application prior to signing their rental purchase agreement if desired,N/A,Mobile Chat;Web Chat;Email;Call Center
no,2025,January,12345,The Dummy Bank,Consumer Credit,Nikola Jokic,63-act,1/15/25,1/17/25,,2,,Form,Funded No Items,Other,,Customer stated items had not been delivered,Account cancelled per customer's request,N/A,Mobile Chat;Web Chat;Email;Call Center
no,2025,January,12345,The Dummy Bank,Consumer Credit,Nikola Jokic,64-act,1/15/25,1/16/25,,1,,Form,Lawyer/Legal Issue,Other,,Customer disputed the terms of the early purchase option,"Customer was offered a discounted payoff as a courtesy due by 1/29/25, however the customer did not utilize this offer. No further action needed at this time",N/A,Mobile Chat;Web Chat;Email;Call Center
no,2025,January,12345,The Dummy Bank,Consumer Credit,Nikola Jokic,65-act,1/16/25,1/16/25,,0,,Form,Threat of external complaint,Other,,Customer disputed the terms of the early purchase option,Advised customer of their remaining early purchase discount,N/A,Mobile Chat;Web Chat;Email;Call Center
no,2025,January,12345,The Dummy Bank,Consumer Credit,Nikola Jokic,66-act,1/17/25,1/27/25,,10,,Form,Voluntary Return,Other,,Customer requested a Voluntary Return of their leased items,"Voluntary Return pickup completed, customer was advised of remaining minimum agreement term",N/A,Mobile Chat;Web Chat;Email;Call Center
no,2025,January,12345,The Dummy Bank,Consumer Credit,Nikola Jokic,67-act,1/18/25,1/25/25,,7,,Form,Lawyer/Legal Issue,Other,,Customer disputed the terms of the early purchase option,"Customer was offered a discounted payoff as a courtesy due by 2/07/25, however the customer did not utilize this offer. No further action needed at this time",N/A,Mobile Chat;Web Chat;Email;Call Center
no,2025,January,12345,The Dummy Bank,Consumer Credit,Nikola Jokic,68-act,1/20/25,1/27/25,,7,,Form,Funded No Items,Other,,Customer stated items had not been delivered,Account cancelled per customer's request,N/A,Mobile Chat;Web Chat;Email;Call Center
no,2025,January,12345,The Dummy Bank,Consumer Credit,Nikola Jokic,69-act,1/22/25,1/24/25,,2,,Form,Funded No Items,Other,,Customer stated items had not been delivered,Customer advised that they did receive their items and did not need further assistance,N/A,Mobile Chat;Web Chat;Email;Call Center
no,2025,January,12345,The Dummy Bank,Consumer Credit,Nikola Jokic,70-act,1/24/25,1/29/25,,5,,Form,"Lease Terms and Fees (Cash +, Payment Frequency, 1st Payment)",Other,,Customer disputed the terms of the early purchase option,Provided the customer the option to utilize their early purchase option despite it being expired as a courtesy. No further action required,N/A,Mobile Chat;Web Chat;Email;Call Center
no,2025,January,12345,The Dummy Bank,Consumer Credit,Nikola Jokic,71-act,1/27/25,,,,,Form,Voluntary Return,Other,,Customer requested a Voluntary Return of their leased items,Investigation in progress,N/A,Mobile Chat;Web Chat;Email;Call Center
no,2025,January,12345,The Dummy Bank,Consumer Credit,Nikola Jokic,72-act,1/27/25,1/30/25,,3,,Form,"Lease Terms and Fees (Cash +, Payment Frequency, 1st Payment)",Other,,Customer disputed a processed payment.,"Advised customer their additional payment could be refunded if desired, customer acknowledged and advised they did not need further assistance at this time",N/A,Mobile Chat;Web Chat;Email;Call Center
no,2025,January,12345,The Dummy Bank,Consumer Credit,Nikola Jokic,73-act,1/27/25,1/31/25,,4,,Form,Voluntary Return,Other,,Customer requested a Voluntary Return of their leased items,"Voluntary Return pickup completed, customer was advised of remaining minimum agreement term",N/A,Mobile Chat;Web Chat;Email;Call Center
no,2025,January,12345,The Dummy Bank,Consumer Credit,Nikola Jokic,74-act,1/28/25,,,,,Form,Pre-Funded Cancellation,Card cancelled/non-regulatory,,Customer requested to have their account cancelled,Investigation in progress,N/A,Mobile Chat;Web Chat;Email;Call Center
no,2025,January,12345,The Dummy Bank,Consumer Credit,Nikola Jokic,75-act,1/29/25,,,,,Form,Lawyer/Legal Issue,Other,,Customer disputed the terms of the rental purchase agreement.,Investigation in progress,N/A,Mobile Chat;Web Chat;Email;Call Center
no,2025,January,12345,The Dummy Bank,Consumer Credit,Nikola Jokic,76-act,1/29/25,2/5/25,,7,,Form,Voluntary Return,Other,,Customer requested a Voluntary Return of their leased items,"Voluntary Return pickup completed, customer was advised of remaining minimum agreement term",N/A,Mobile Chat;Web Chat;Email;Call Center
no,2025,January,12345,The Dummy Bank,Consumer Credit,Nikola Jokic,77-act,1/29/25,,,,,Form,Funded No Items,Other,,Customer stated items had not been delivered,Investigation in progress,N/A,Mobile Chat;Web Chat;Email;Call Center
no,2025,January,12345,The Dummy Bank,Consumer Credit,Nikola Jokic,78-act,1/29/25,2/6/25,,8,,Form,Funded No Items,Other,,Customer stated items had not been delivered,"Customer did not return the requested signed affidavit, unable to proceed until affidavit is returned",N/A,Mobile Chat;Web Chat;Email;Call Center
no,2025,January,12345,The Dummy Bank,Consumer Credit,Nikola Jokic,79-act,1/30/25,1/30/25,,0,,Form,Dealer service/item discrepancy,Other,,Customer claimed the items had become damaged.,"Advised customer that warranty claims must be handled with the merchant directly, as Koalafi does not offer warranties",N/A,Mobile Chat;Web Chat;Email;Call Center
no,2025,January,12345,The Dummy Bank,Consumer Credit,Nikola Jokic,80-act,1/31/25,,,,,Form,Funded No Items,Other,,Customer stated items had not been delivered,Investigation in progress,N/A,Mobile Chat;Web Chat;Email;Call Center
no,2025,February,12345,The Dummy Bank,Consumer Credit,Nikola Jokic,81-act,2/25/25,3/3/25,,6,,Form,Voluntary Return,,,Customer requested a Voluntary Return of their leased items,"Customer opted to keep their items and cancel the requested VR, no further assistance needed",N/A,Mobile Chat;Web Chat;Email;Call Center
no,2025,February,12345,The Dummy Bank,Consumer Credit,Nikola Jokic,82-act,2/20/25,,,,,Form,"Lease Terms and Fees (Cash +, Payment Frequency, 1st Payment)",,,Customer disputed the cost of the leased items,Investigation in progress,N/A,Mobile Chat;Web Chat;Email;Call Center
no,2025,February,12345,The Dummy Bank,Consumer Credit,Nikola Jokic,83-act,2/24/25,3/1/25,,5,,Form,Voluntary Return,,,Customer requested a Voluntary Return of their leased items,Voluntary return pickup completed and customer was informed of their remaining minimum agreement term,N/A,Mobile Chat;Web Chat;Email;Call Center
no,2025,February,12345,The Dummy Bank,Consumer Credit,Nikola Jokic,84-act,2/20/25,2/28/25,,8,,Form,Pre-Funded Cancellation,,,Customer requested to have their account cancelled,Account cancelled per customer's request,N/A,Mobile Chat;Web Chat;Email;Call Center
no,2025,February,12345,The Dummy Bank,Consumer Credit,Nikola Jokic,85-act,2/13/25,2/28/25,,15,,Form,Funded No Items,,,Customer stated items had not been delivered,"Adjusted account to align with true delivery date of items as provided by merchant invoice, advised customer of changes and confirmed no further action required",N/A,Mobile Chat;Web Chat;Email;Call Center
no,2025,February,12345,The Dummy Bank,Consumer Credit,Nikola Jokic,86-act,2/26/25,,,,,Form,Pre-Funded Cancellation,,,Customer requested to have their account cancelled,Investigation in progress,N/A,Mobile Chat;Web Chat;Email;Call Center
no,2025,February,12345,The Dummy Bank,Consumer Credit,Nikola Jokic,87-act,2/28/25,,,,,Form,Funded No Items,,,Customer stated items had not been delivered,Investigation in progress,N/A,Mobile Chat;Web Chat;Email;Call Center
no,2025,February,12345,The Dummy Bank,Consumer Credit,Nikola Jokic,88-act,2/24/25,2/28/25,,4,,Form,Funded No Items,,,Customer stated items had not been delivered,Account cancelled per customer's request,N/A,Mobile Chat;Web Chat;Email;Call Center
no,2025,February,12345,The Dummy Bank,Consumer Credit,Nikola Jokic,89-act,2/25/25,2/27/25,,2,,Form,Lawyer/Legal Issue,,,Customer disputed the terms of their payment schedule,Reviewed account and confirmed that the payment schedule is correct and aligned with their rental-purchase agreement. No further action needed at this time,N/A,Mobile Chat;Web Chat;Email;Call Center
no,2025,February,12345,The Dummy Bank,Consumer Credit,Nikola Jokic,90-act,2/27/25,,,,,Form,"Lease Terms and Fees (Cash +, Payment Frequency, 1st Payment)",,,Customer disputed the terms of their early purchase option,Investigation in progress,N/A,Mobile Chat;Web Chat;Email;Call Center
no,2025,February,12345,The Dummy Bank,Consumer Credit,Nikola Jokic,91-act,2/22/25,,,,,Form,"Lease Terms and Fees (Cash +, Payment Frequency, 1st Payment)",,,Customer requested information regarding their payment schedule,Investigation in progress,N/A,Mobile Chat;Web Chat;Email;Call Center
no,2025,February,12345,The Dummy Bank,Consumer Credit,Nikola Jokic,92-act,2/26/25,,,,,Form,Funded No Items,,,Customer stated items had not been delivered,Investigation in progress,N/A,Mobile Chat;Web Chat;Email;Call Center
no,2025,February,12345,The Dummy Bank,Consumer Credit,Nikola Jokic,93-act,2/20/25,2/26/25,,6,,Form,Funded No Items,,,Customer stated items had not been delivered,"Customer did not return signed affidavit as requested, advised customer that investigation cannot continue until the affidavit is returned",N/A,Mobile Chat;Web Chat;Email;Call Center
no,2025,February,12345,The Dummy Bank,Consumer Credit,Nikola Jokic,94-act,2/20/25,,,,,Form,Pre-Funded Cancellation,,,Customer requested to have their account cancelled,Investigation in progress,N/A,Mobile Chat;Web Chat;Email;Call Center
no,2025,February,12345,The Dummy Bank,Consumer Credit,Nikola Jokic,95-act,2/25/25,,,,,Form,Pre-Funded Cancellation,,,Customer requested to have their account cancelled,Investigation in progress,N/A,Mobile Chat;Web Chat;Email;Call Center
no,2025,February,12345,The Dummy Bank,Consumer Credit,Nikola Jokic,96-act,2/24/25,,,,,Form,Funded No Items,,,Customer stated items had not been delivered,Investigation in progress,N/A,Mobile Chat;Web Chat;Email;Call Center
no,2025,February,12345,The Dummy Bank,Consumer Credit,Nikola Jokic,97-act,2/25/25,2/25/25,,0,,Form,Pre-Funded Cancellation,,,Customer requested to have their account cancelled,Account cancelled per customer's request,N/A,Mobile Chat;Web Chat;Email;Call Center
no,2025,February,12345,The Dummy Bank,Consumer Credit,Nikola Jokic,98-act,2/24/25,2/24/25,,0,,Form,Dealer service/item discrepancy,,,Customer disputed the terms of their payment schedule,Reviewed account and confirmed that the payment schedule is correct and aligned with their rental-purchase agreement. No further action needed at this time,N/A,Mobile Chat;Web Chat;Email;Call Center
no,2025,February,12345,The Dummy Bank,Consumer Credit,Nikola Jokic,99-act,2/19/25,2/24/25,,5,,Form,Voluntary Return,,,Customer requested a Voluntary Return of their leased items,Voluntary return pickup completed and customer was informed of their remaining minimum agreement term,N/A,Mobile Chat;Web Chat;Email;Call Center
no,2025,February,12345,The Dummy Bank,Consumer Credit,Nikola Jokic,100-act,2/19/25,2/24/25,,5,,Form,Pre-Funded Cancellation,,,Customer requested to have their account cancelled,Account cancelled per customer's request,N/A,Mobile Chat;Web Chat;Email;Call Center
no,2025,February,12345,The Dummy Bank,Consumer Credit,Nikola Jokic,101-act,2/17/25,2/24/25,,7,,Form,Pre-Funded Cancellation,,,Customer requested to have their account cancelled,Account cancelled per customer's request,N/A,Mobile Chat;Web Chat;Email;Call Center
no,2025,February,12345,The Dummy Bank,Consumer Credit,Nikola Jokic,102-act,2/13/25,2/24/25,,11,,Form,Voluntary Return,,,Customer requested a Voluntary Return of their leased items,Voluntary return pickup completed and customer was informed of their remaining minimum agreement term,N/A,Mobile Chat;Web Chat;Email;Call Center
no,2025,February,12345,The Dummy Bank,Consumer Credit,Nikola Jokic,103-act,2/14/25,2/24/25,,10,,Form,Voluntary Return,,,Customer requested a Voluntary Return of their leased items,Voluntary return pickup completed and customer was informed of their remaining minimum agreement term,N/A,Mobile Chat;Web Chat;Email;Call Center
no,2025,February,12345,The Dummy Bank,Consumer Credit,Nikola Jokic,104-act,2/17/25,2/21/25,,4,,Form,Pre-Funded Cancellation,,,Customer requested to have their account cancelled,Account cancelled per customer's request,N/A,Mobile Chat;Web Chat;Email;Call Center
no,2025,February,12345,The Dummy Bank,Consumer Credit,Nikola Jokic,105-act,2/12/25,2/20/25,,8,,Form,Voluntary Return,,,Customer requested a Voluntary Return of their leased items,Unable to reach customer to confirm pickup date for voluntary return. Unable to proceed until pickup can be scheduled with customer,N/A,Mobile Chat;Web Chat;Email;Call Center
no,2025,February,12345,The Dummy Bank,Consumer Credit,Nikola Jokic,106-act,2/18/25,2/19/25,,1,,Form,Pre-Funded Cancellation,,,Customer requested to have their account cancelled,Customer opted to keep their account open,N/A,Mobile Chat;Web Chat;Email;Call Center
no,2025,February,12345,The Dummy Bank,Consumer Credit,Nikola Jokic,107-act,2/13/25,2/19/25,,6,,Form,Funded No Items,,,Customer stated items had not been delivered,Account cancelled per customer's request,N/A,Mobile Chat;Web Chat;Email;Call Center
no,2025,February,12345,The Dummy Bank,Consumer Credit,Nikola Jokic,108-act,2/10/25,2/18/25,,8,,Form,Funded No Items,,,Customer stated items had not been delivered,Account cancelled per customer's request,N/A,Mobile Chat;Web Chat;Email;Call Center
no,2025,February,12345,The Dummy Bank,Consumer Credit,Nikola Jokic,109-act,2/15/25,2/18/25,,3,,Form,Threat of external complaint,,,Customer disputed the terms of their early purchase option,"Provided customer the option to utilize their Cash+ option as a courtesy, advised customer of this change and process needed to have the account closed at time of payoff.",N/A,Mobile Chat;Web Chat;Email;Call Center
no,2025,February,12345,The Dummy Bank,Consumer Credit,Nikola Jokic,110-act,2/10/25,2/18/25,,8,,Form,Partial Delivery,,,Customer stated items had not been delivered,"Customer did not return signed affidavit as requested, advised customer that investigation cannot continue until the affidavit is returned",N/A,Mobile Chat;Web Chat;Email;Call Center
no,2025,February,12345,The Dummy Bank,Consumer Credit,Nikola Jokic,111-act,2/10/25,2/17/25,,7,,Form,"Lease Terms and Fees (Cash +, Payment Frequency, 1st Payment)",,,Customer disputed the terms of their early purchase option,"Offered a courtesy to allow the customer to utilize their Cash+ option despite it's expiry, advised customer of terms of this offer",N/A,Mobile Chat;Web Chat;Email;Call Center
no,2025,February,12345,The Dummy Bank,Consumer Credit,Nikola Jokic,112-act,2/13/25,2/15/25,,2,,Form,Pre-Funded Cancellation,,,Customer requested to have their account cancelled,Account cancelled per customer's request,N/A,Mobile Chat;Web Chat;Email;Call Center
no,2025,February,12345,The Dummy Bank,Consumer Credit,Nikola Jokic,113-act,2/11/25,2/14/25,,3,,Form,"Lease Terms and Fees (Cash +, Payment Frequency, 1st Payment)",,,Customer stated some leased items had been returned to the merchant,"Account was adjusted to align with the true leased items after returns, advised customer of changes and payment terms. No further action needed",N/A,Mobile Chat;Web Chat;Email;Call Center
no,2025,February,12345,The Dummy Bank,Consumer Credit,Nikola Jokic,114-act,2/14/25,2/14/25,,0,,Form,Voluntary Return,,,Customer requested a Voluntary Return of their leased items,"Duplicate case, no action needed",N/A,Mobile Chat;Web Chat;Email;Call Center
no,2025,February,12345,The Dummy Bank,Consumer Credit,Nikola Jokic,115-act,2/14/25,2/14/25,,0,,Form,Voluntary Return,,,Customer requested a Voluntary Return of their leased items,"Duplicate case, no action needed",N/A,Mobile Chat;Web Chat;Email;Call Center
no,2025,February,12345,The Dummy Bank,Consumer Credit,Nikola Jokic,116-act,2/10/25,2/14/25,,4,,Form,Dealer service/item discrepancy,,,Customer claimed the items had become damaged.,Advised customer that warranty claims would need to be handled with the merchant directly,N/A,Mobile Chat;Web Chat;Email;Call Center
no,2025,February,12345,The Dummy Bank,Consumer Credit,Nikola Jokic,117-act,2/13/25,2/13/25,,0,,Form,Funded No Items,,,Customer stated items had not been delivered,"Duplicate case, no action needed",N/A,Mobile Chat;Web Chat;Email;Call Center
no,2025,February,12345,The Dummy Bank,Consumer Credit,Nikola Jokic,118-act,2/11/25,2/13/25,,2,,Form,Pre-Funded Cancellation,,,Customer requested to have their account cancelled,Account cancelled per customer's request,N/A,Mobile Chat;Web Chat;Email;Call Center
no,2025,February,12345,The Dummy Bank,Consumer Credit,Nikola Jokic,119-act,2/12/25,2/13/25,,1,,Form,Pre-Funded Cancellation,,,Customer requested to have their account cancelled,Account cancelled per customer's request,N/A,Mobile Chat;Web Chat;Email;Call Center
no,2025,February,12345,The Dummy Bank,Consumer Credit,Nikola Jokic,120-act,2/7/25,2/13/25,,6,,Form,"Lease Terms and Fees (Cash +, Payment Frequency, 1st Payment)",,,Customer claimed the items had become damaged.,"Advised customer that damage or loss of items would need to be handled directly with the merchant, however as a courtesy the customer's account was closed with no further payments owed",N/A,Mobile Chat;Web Chat;Email;Call Center
no,2025,February,12345,The Dummy Bank,Consumer Credit,Nikola Jokic,121-act,2/4/25,2/11/25,,7,,Form,Voluntary Return,,,Customer requested a Voluntary Return of their leased items,"Customer opted to keep their items and cancel the requested VR, no further assistance needed",N/A,Mobile Chat;Web Chat;Email;Call Center
no,2025,February,12345,The Dummy Bank,Consumer Credit,Nikola Jokic,122-act,2/4/25,2/11/25,,7,,Form,"Lease Terms and Fees (Cash +, Payment Frequency, 1st Payment)",,,Customer disputed the cost of the leased items,"Confirmed that leased items are aligned with the rental purchase agreement and that all terms are correct, advised customer that terms are correct. No further action needed",N/A,Mobile Chat;Web Chat;Email;Call Center
no,2025,February,12345,The Dummy Bank,Consumer Credit,Nikola Jokic,123-act,2/11/25,2/11/25,,0,,Form,Dealer service/item discrepancy,,,Customer disputed the cost of the leased items,"Duplicate case, no action needed",N/A,Mobile Chat;Web Chat;Email;Call Center
no,2025,February,12345,The Dummy Bank,Consumer Credit,Nikola Jokic,124-act,2/7/25,2/7/25,,0,,Form,Threat of external complaint,,,Customer requested to stop calls from Koalafi,"Do Not Contact Phone added to account per customer request, no further action needed at this time",N/A,Mobile Chat;Web Chat;Email;Call Center
no,2025,February,12345,The Dummy Bank,Consumer Credit,Nikola Jokic,125-act,2/5/25,2/5/25,,0,,Form,Lawyer/Legal Issue,,,Customer stated their order had been cancelled prior to delivery,"Duplicate case, no action needed",N/A,Mobile Chat;Web Chat;Email;Call Center
no,2025,February,12345,The Dummy Bank,Consumer Credit,Nikola Jokic,126-act,2/3/25,2/5/25,,2,,Form,Pre-Funded Cancellation,,,Customer requested to have their account cancelled,Account cancelled per customer's request,N/A,Mobile Chat;Web Chat;Email;Call Center
no,2025,February,12345,The Dummy Bank,Consumer Credit,Nikola Jokic,127-act,2/4/25,2/4/25,,0,,Form,"Lease Terms and Fees (Cash +, Payment Frequency, 1st Payment)",,,Customer stated some leased items had been returned to the merchant,Advised customer they will need to provide a receipt showing the return was accepted by the merchant or have the merchant reach out to confirm the return,N/A,Mobile Chat;Web Chat;Email;Call Center
no,2025,January,12345,The Dummy Bank,Consumer Credit,Nikola Jokic,128-act,1/23/25,1/25/25,,2,,Customer,ID Theft,,,"Victim contacted about a fraudulent business account, Athletiflex LLC, opened using his SSN, agentadvised victim to void any received checks. The account was already closed after fraud review.",Solved via SOP,N/A,Email;Call Center
no,2025,February,12345,The Dummy Bank,Consumer Credit,Nikola Jokic,129-act,2/11/25,2/16/25,,5,,Customer,Unauthorised Transactions,,,"AH reported multiple unauthorized transactions from Walmart, TEMU, and DoorDash. Fortunately, the charges were declined, but AH requested a new debit card for security.

Novo confirmed that specific transactions cannot be blocked, so AH’s current card was canceled and a new one was ordered.",Solved via SOP,N/A,Email;Call Center
no,2025,February,12345,The Dummy Bank,Consumer Credit,Nikola Jokic,130-act,2/21/25,2/26/25,,5,,Customer,Unauthorised Transactions,,,"AH reported unauthorized notifications from Canva and Facebook related to his old card ending in 0440. The said  transaction was voided, meaning it was canceled before settlement.",Solved via SOP,N/A,Email;Call Center
no,2025,February,12345,The Dummy Bank,Consumer Credit,Nikola Jokic,131-act,2/19/25,2/28/25,,9,,Customer,ID Theft,,,"AH’s Novo account was compromised after their phone was stolen, leading to unauthorized access to multiple financial accounts. AH repeatedly requested urgent action, including freezing the account and logging out unauthorized users. After multiple follow-ups, Novo initiated an identity verification process. AH later regained access to their original email, reset their Novo credentials, and confirmed fraudulent activity. Novo eventually updated AH’s login details, lifted the account freeze, and provided security recommendations. AH was advised to review account settings and monitor for further suspicious activity.",Solved via SOP,N/A,Email;Call Center
no,2025,February,12345,The Dummy Bank,Consumer Credit,Nikola Jokic,132-act,2/11/25,2/21/25,,10,,Customer,ID Theft,,,"AH reported that his banking information was stolen and requested to create a new account. Novo initiated an identity verification process and requested AH to submit an ID Theft Verification Form, including a photo of himself holding his ID.

After multiple submissions and clarifications regarding the required image quality, AH successfully completed the verification process. Novo then updated his login credentials, unfroze his account, and advised him to reset his password. AH was also instructed to review his account settings, including email, phone number, and authorized users, to ensure no unauthorized changes had been made.",Solved via SOP,N/A,Email;Call Center
no,2025,January,12345,The Dummy Bank,Consumer Credit,Nikola Jokic,133-act,1/3/25,1/3/25,,0,Inquiry,Email,Billing,,,User wrote in on 1/3 to request for an itemized copy of her bill submission on 09/29/2024 for her insurance.,The Papaya agent provided user a proof of payment for her bill submission on 09/29/2024 and was paid on the same date.,N/A,Email;Call Center
no,2025,January,12345,The Dummy Bank,Consumer Credit,Nikola Jokic,134-act,1/5/25,1/6/25,,1,Inquiry,Email,Billing,,,User wrote in on 1/5 to request for an itemized bill for the her bill submission on 08/05/2024.,The Papaya agent provided user a proof of payment for her bill submission on 08/05/2024 and was paid on the same date.,N/A,Email;Call Center
no,2025,January,12345,The Dummy Bank,Consumer Credit,Nikola Jokic,135-act,1/7/25,1/7/25,,0,Inquiry,Email,Billing,,,User wrote in on 1/7 to request for a receipt of the bill she submitted on 07/17/2024.,The Papaya agent provided user a proof of payment for her bill submission on 07/17/2024 and was paid on the same date.,N/A,Email;Call Center
no,2025,January,12345,The Dummy Bank,Consumer Credit,Nikola Jokic,136-act,1/11/25,1/15/25,,4,,Email,Payment,,,"User wrote in on 1/11 to confirm the payment of her bill submission on 11/09/2024 as per her biller, they did not received the payment.",The Papaya agent provided user a proof of payment of her bill submission on 11/09/2024 and was paid on the same date.,N/A,Email;Call Center
no,2025,February,12345,The Dummy Bank,Consumer Credit,Nikola Jokic,137-act,2/5/25,2/5/25,,0,,Email,,,,User advised payment was not applied to their account,Provided proof of payment,N/A,Email;Call Center
no,2025,February,12345,The Dummy Bank,Consumer Credit,Nikola Jokic,138-act,2/5/25,2/7/25,,2,,Email,,,,User said biller had no record of the payment being made,Provided proof of payment,N/A,Email;Call Center
no,2025,February,12345,The Dummy Bank,Consumer Credit,Nikola Jokic,139-act,2/7/25,2/12/25,,5,,Email,,,,User said biller had no record of the payment being made,Advised the user that the payment was declined by biller. Papaya made a full refund back to user.,N/A,Email;Call Center
no,2025,February,12345,The Dummy Bank,Consumer Credit,Nikola Jokic,140-act,2/8/25,2/13/25,,5,,Email,,,,User claimed that biller never received their payment.,"Called biller and confirmed payment was succesful, provided user with confirmation # for payment.",N/A,Email;Call Center
no,2025,February,12345,The Dummy Bank,Consumer Credit,Nikola Jokic,141-act,2/11/25,2/17/25,,6,,Email,,,,User asked for payment receipt,"We asked user to provide information for HIPAA compliance, we never heard back from them. According to Admin, this bill was paid successfully.",N/A,Email;Call Center
no,2025,February,12345,The Dummy Bank,Consumer Credit,Nikola Jokic,142-act,2/12/25,2/13/25,,1,,Email,,,,"User advised they were charged even though biller declined payment, user asked for refund",Advised user that we initiated a full refund.,N/A,Email;Call Center
no,2025,February,12345,The Dummy Bank,Consumer Credit,Nikola Jokic,143-act,2/14/25,2/15/25,,1,,Email,,,,User advised payment was not applied to their account,Provided proof of payment,N/A,Email;Call Center
no,2025,February,12345,The Dummy Bank,Consumer Credit,Nikola Jokic,144-act,2/11/25,,,,,Email,,,,User was accidently refunded funds from Papaya after a successful payment to the biller. We informed the user that we will need to charge them $200.,"We have informed the user that we will need to charge them for $200, waiting on an acknowledgement from the user.",N/A,Email;Call Center
no,2025,February,12345,The Dummy Bank,Consumer Credit,Nikola Jokic,145-act,2/12/25,2/17/25,,5,,Email,,,,User requested proof of payment,Provided proof of payment,N/A,Email;Call Center
no,2025,February,12345,The Dummy Bank,Consumer Credit,Nikola Jokic,146-act,2/15/25,2/22/25,,7,,Email,,,,User advised they were charged twice by Papaya.,"After reviewing with their bank, the user concluded that they were not charged twice by Papaya.",N/A,Email;Call Center
no,2025,February,12345,The Dummy Bank,Consumer Credit,Nikola Jokic,147-act,2/15/25,2/20/25,,5,,Email,,,,User advised payment was not applied to their account,Advised user that we succesfully made the payment to the biller.,N/A,Email;Call Center
no,2025,February,12345,The Dummy Bank,Consumer Credit,Nikola Jokic,148-act,2/19/25,2/20/25,,1,,Email,,,,User advised one of their recent payments was not applied to their account,"Advised user that the payee is a partner, and that once the payment is processed they will receive notice via email",N/A,Email;Call Center
no,2025,February,12345,The Dummy Bank,Consumer Credit,Nikola Jokic,149-act,2/20/25,2/20/25,,0,,Email,,,,User asked if they would be refunded for a bill that was declined.,Advised user that payment has been fully refunded.,N/A,Email;Call Center
no,2025,February,12345,The Dummy Bank,Consumer Credit,Nikola Jokic,150-act,2/20/25,2/22/25,,2,,Email,,,,User asked how they would be refunded for cancelled bill.,Advised user that payment has been fully refunded.,N/A,Email;Call Center
no,2025,February,12345,The Dummy Bank,Consumer Credit,Nikola Jokic,151-act,2/21/25,2/26/25,,5,,Email,,,,User requested proof of payment,Provided proof of payment and advised user to reach out to biller directly.,N/A,Email;Call Center
no,2025,February,12345,The Dummy Bank,Consumer Credit,Nikola Jokic,152-act,2/21/25,,,,,Email,,,,User advised payment was not applied to their account,"Papaya provided proof of payment to user, however this was not sufficient evidence. Papaya is investigating the matter further.",N/A,Email;Call Center
no,2025,February,12345,The Dummy Bank,Consumer Credit,Nikola Jokic,153-act,2/19/25,2/26/25,,7,,Email,,,,User asked for bill to be cancelled and refunded.,Provided proof of payment,N/A,Email;Call Center
no,2025,February,12345,The Dummy Bank,Consumer Credit,Nikola Jokic,154-act,2/27/25,2/28/25,,1,,Email,,,,User advised payment was not applied to their account,Provided proof of payment,N/A,Email;Call Center
no,2025,February,12345,The Dummy Bank,Consumer Credit,Nikola Jokic,155-act,2/27/25,2/1/29,,1435,,Email,,,,User requested proof of payment,Provided proof of payment,N/A,Email;Call Center
no,2025,February,12345,The Dummy Bank,Consumer Credit,Nikola Jokic,156-act,2/18/25,2/19/25,,1,,Intercom,Card Access,Access to funds/non-regulatory,,"Jocelyn reached out to Talli and reported Talli, Incomm, and CentraState Settlement to BBB, CFPB, and FTC because she had issues accessing her funds via her Talli account.",The support team resolved her general access issues and she was able to access her funds.,N/A,Email
no,2025,February,12345,The Dummy Bank,Consumer Credit,Nikola Jokic,157-act,2/21/25,2/23/25,,2,,Intercom,Scam Report,Other,,MaryJo reported Talli to USGovScam alert because she did not believe Talli was a legitimate disbursement company.,CentraState Settlement (via AB Data) sent reminder and Talli confirmed this was not a scam. She redeemed an Amazon giftcard with her payout.,N/A,Email
no,2025,January,12345,The Dummy Bank,Consumer Credit,Nikola Jokic,158-act,1/2/25,1/2/25,,0,Inquiry,Front (Email),Customer Service,,,Referral rewards not provisioned,"\Nickolas Cuartero invited a friend through a referral link to create an account and use services. Once the referral journey is completed, Nickolas Cuartero will be eligible for a gift card. After escalation, the customer was told that the gift card was provisioned and he would be able to see it sometime.",N/A,Email
no,2025,January,12345,The Dummy Bank,Consumer Credit,Nikola Jokic,159-act,1/2/25,1/2/25,,0,Inquiry,Front (Email),Customer Service,,,Referral rewards not provisioned,"Rytham Upadhyay invited a friend through a referral link to create an account and use services. Once the referral journey is completed, Rytham Upadhyay will be eligible for a gift card. After escalation, the customer was told that the gift card was provisioned and he would be able to see it sometime.",N/A,Email
no,2025,January,12345,The Dummy Bank,Consumer Credit,Nikola Jokic,160-act,1/2/25,1/2/25,,0,Inquiry,Front (Email),Customer Service,,,Referral rewards not provisioned,"Ashwin Rangarajan invited a friend through a referral link to create an account and use services. Once the referral journey is completed, Ashwin Rangarajan will be eligible for a gift card. After escalation, the customer was told that the gift card was provisioned and he would be able to see it sometime.",N/A,Email
no,2025,January,12345,The Dummy Bank,Consumer Credit,Nikola Jokic,161-act,1/2/25,1/2/25,,0,Inquiry,Front (Email),Customer Service,,,Referral rewards not provisioned,"Miriam Blumenfeld invited friends through a referral link to create an account and use services. Once the referral journey is completed, Miriam Blumenfeld will be eligible for the gift cards. After escalation, the customer was told that the gift cards were provisioned and he would be able to see it sometime.",N/A,Email
no,2025,January,12345,The Dummy Bank,Consumer Credit,Nikola Jokic,162-act,1/3/25,1/7/25,,4,Inquiry,Front (Email),Customer Service,,,Referral rewards not provisioned,"Jaeo Han invited a friend through a referral link to create an account and use services. Once the referral journey is completed, Jaeo Han will be eligible for a gift card. After escalation, the customer was told that the gift card was provisioned and he would be able to see it sometime.",N/A,Email
no,2025,January,12345,The Dummy Bank,Consumer Credit,Nikola Jokic,163-act,1/3/25,1/7/25,,4,Inquiry,Front (Email),Customer Service,,,Referral rewards not provisioned,"Yani Qian invited a friend through a referral link to create an account and use services. Once the referral journey is completed,Yani Qian will be eligible for a gift card. After escalation, the customer was told that the gift card was provisioned and he would be able to see it sometime.",N/A,Email
no,2025,January,12345,The Dummy Bank,Consumer Credit,Nikola Jokic,164-act,1/3/25,1/7/25,,4,Inquiry,Front (Email),Customer Service,,,Referral rewards not provisioned,"Brian MacDermott invited a friend through a referral link to create an account and use services. Once the referral journey is completed, Brian MacDermott will be eligible for a gift card. After escalation, the customer was told that the gift card was provisioned and he would be able to see it sometime.",N/A,Email
no,2025,January,12345,The Dummy Bank,Consumer Credit,Nikola Jokic,165-act,1/4/25,1/7/25,,3,Inquiry,Front (Email),Customer Service,,,Referral rewards not provisioned,"Christine Milgrim invited a friend through a referral link to create an account and use services. Once the referral journey is completed, Christine Milgrim will be eligible for a gift card. After escalation, the customer was told that the gift card was provisioned and he would be able to see it sometime.",N/A,Email
no,2025,January,12345,The Dummy Bank,Consumer Credit,Nikola Jokic,166-act,1/4/25,1/7/25,,3,Inquiry,Front (Email),Customer Service,,,Referral rewards not provisioned,"Jeremy Milgrim invited a friend through a referral link to create an account and use services. Once the referral journey is completed, Jeremy Milgrim will be eligible for a gift card. After escalation, the customer was told that the gift card was provisioned and he would be able to see it sometime.",N/A,Email
no,2025,January,12345,The Dummy Bank,Consumer Credit,Nikola Jokic,167-act,1/4/25,1/7/25,,3,Inquiry,Front (Chat),Customer Service,,,Referral rewards not provisioned,"Helen Le invited a friend through a referral link to create an account and use services. Once the referral journey is completed, Helen Le will be eligible for a gift card. After escalation, the customer was told that the gift card was provisioned and he would be able to see it sometime.",N/A,Email
no,2025,January,12345,The Dummy Bank,Consumer Credit,Nikola Jokic,168-act,1/4/25,1/7/25,,3,Inquiry,Front (Chat),Customer Service,,,Referral rewards not provisioned,"Henry Zhang invited friends through a referral link to create an account and use services. Once the referral journey is completed, Henry Zhang will be eligible for the gift cards. After escalation, the customer was told that the gift cards were provisioned and he would be able to see it sometime.",N/A,Email
no,2025,January,12345,The Dummy Bank,Consumer Credit,Nikola Jokic,169-act,1/4/25,1/7/25,,3,Inquiry,Front (Chat),Customer Service,,,Referral rewards not provisioned,"David Chen invited a friend through a referral link to create an account and use services. Once the referral journey is completed, David Chen will be eligible for a gift card. After escalation, the customer was told that the gift card was provisioned and he would be able to see it sometime.",N/A,Email
no,2025,January,12345,The Dummy Bank,Consumer Credit,Nikola Jokic,170-act,1/5/25,1/7/25,,2,Inquiry,Front (Chat),Customer Service,,,Referral rewards not provisioned,"Elsa Ban invited a friend through a referral link to create an account and use services. Once the referral journey is completed, Elsa Ban will be eligible for a gift card. After escalation, the customer was told that the gift card was provisioned and he would be able to see it sometime.",N/A,Email
no,2025,January,12345,The Dummy Bank,Consumer Credit,Nikola Jokic,171-act,1/5/25,1/7/25,,2,Inquiry,Front (Chat),Customer Service,,,Referral rewards not provisioned,"Eliezer Mandel invited friends through a referral link to create an account and use services. Once the referral journey is completed, Eliezer Mandel will be eligible for the gift cards. After escalation, the customer was told that the gift cards were provisioned and he would be able to see it sometime.",N/A,Email
no,2025,January,12345,The Dummy Bank,Consumer Credit,Nikola Jokic,172-act,1/6/25,1/7/25,,1,Inquiry,Aloware (Call),Customer Service,,,Referral rewards not provisioned,"Samuel Amsel invited friends through a referral link to create an account and use services. Once the referral journey is completed, Samuel Amsel will be eligible for the gift cards. After escalation, the customer was told that the gift cards were provisioned and he would be able to see it sometime.",N/A,Email
no,2025,January,12345,The Dummy Bank,Consumer Credit,Nikola Jokic,173-act,1/6/25,1/7/25,,1,Inquiry,Front (Chat),Customer Service,,,Referral rewards not provisioned,"Ben Pritchard invited a friend through a referral link to create an account and use services. Once the referral journey is completed, Ben Pritchard will be eligible for a gift card. After escalation, the customer was told that the gift card was provisioned and he would be able to see it sometime.",N/A,Email
no,2025,January,12345,The Dummy Bank,Consumer Credit,Nikola Jokic,174-act,1/6/25,1/7/25,,1,Inquiry,Front (Chat),Customer Service,,,Referral rewards not provisioned,"Stacy Hsieh invited a friend through a referral link to create an account and use services. Once the referral journey is completed, Stacy Hsieh will be eligible for a gift card. After escalation, the customer was told that the gift card was provisioned and he would be able to see it sometime.",N/A,Email
no,2025,January,12345,The Dummy Bank,Consumer Credit,Nikola Jokic,175-act,1/7/25,1/7/25,,0,Inquiry,Front (Chat),Customer Service,,,Referral rewards not provisioned,"Pradeep Kesarwaniinvited a friend through a referral link to create an account and use services. Once the referral journey is completed, Pradeep Kesarwani will be eligible for a gift card. After escalation, the customer was told that the gift card was provisioned and he would be able to see it sometime.",N/A,Email
no,2025,January,12345,The Dummy Bank,Consumer Credit,Nikola Jokic,176-act,1/7/25,1/7/25,,0,Inquiry,Front (Chat),Customer Service,,,Referral rewards not provisioned,"Jie Hu invited friends through a referral link to create an account and use services. Once the referral journey is completed, Jie Hu will be eligible for the gift cards. After escalation, the customer was told that the gift cards were provisioned and he would be able to see it sometime.",N/A,Email
no,2025,January,12345,The Dummy Bank,Consumer Credit,Nikola Jokic,177-act,1/7/25,1/7/25,,0,Inquiry,Front (Chat),Customer Service,,,Referral rewards not provisioned,"Wendy Martin invited a friend through a referral link to create an account and use services. Once the referral journey is completed, Wendy Martin will be eligible for a gift card. After escalation, the customer was told that the gift card was provisioned and he would be able to see it sometime.",N/A,Email
no,2025,January,12345,The Dummy Bank,Consumer Credit,Nikola Jokic,178-act,1/7/25,1/7/25,,0,Inquiry,Front (Chat),Customer Service,,,Referral rewards not provisioned,"Madhu Chandra Gowdar invited a friend through a referral link to create an account and use services. Once the referral journey is completed, Madhu Chandra Gowdar will be eligible for a gift card. After escalation, the customer was told that the gift card was provisioned and he would be able to see it sometime.",N/A,Email
no,2025,January,12345,The Dummy Bank,Consumer Credit,Nikola Jokic,179-act,1/8/25,1/8/25,,0,Inquiry,Front (Chat),Customer Service,,,Referral rewards not provisioned,"Yocheved Rosenberg invited a friend through a referral link to create an account and use services. Once the referral journey is completed, Yocheved Rosenberg will be eligible for a gift card. After escalation, the customer was told that the gift card was provisioned and he would be able to see it sometime.",N/A,Email
no,2025,January,12345,The Dummy Bank,Consumer Credit,Nikola Jokic,180-act,1/9/25,1/9/25,,0,Inquiry,Front (Chat),Customer Service,,,Referral rewards not provisioned,"Eugene Anderson invited a friend through a referral link to create an account and use services. Once the referral journey is completed, Eugene Anderson will be eligible for a gift card. After escalation, the customer was told that the gift card was provisioned and he would be able to see it sometime.",N/A,Email
no,2025,January,12345,The Dummy Bank,Consumer Credit,Nikola Jokic,181-act,1/10/25,1/15/25,,5,Inquiry,Front (Chat),Customer Service,,,Referral rewards not provisioned,"Candy Hua invited a friend through a referral link to create an account and use services. Once the referral journey is completed, Candy Hua will be eligible for a gift card. After escalation, the customer was told that the gift card was provisioned and he would be able to see it sometime.",N/A,Email
no,2025,January,12345,The Dummy Bank,Consumer Credit,Nikola Jokic,182-act,1/10/25,1/15/25,,5,Inquiry,Front (Chat),Customer Service,,,Referral rewards not provisioned,"Geethanjali Kaleeswararaj invited a friend through a referral link to create an account and use services. Once the referral journey is completed, Geethanjali Kaleeswararaj will be eligible for a gift card. After escalation, the customer was told that the gift card was provisioned and he would be able to see it sometime.",N/A,Email
no,2025,January,12345,The Dummy Bank,Consumer Credit,Nikola Jokic,183-act,1/11/25,1/15/25,,4,Inquiry,Front (Chat),Customer Service,,,Referral rewards not provisioned,"Dongeun Kim invited a friend through a referral link to create an account and use services. Once the referral journey is completed, Dongeun Kim will be eligible for a gift card. After escalation, the customer was told that the gift card was provisioned and he would be able to see it sometime.",N/A,Email
no,2025,January,12345,The Dummy Bank,Consumer Credit,Nikola Jokic,184-act,1/12/25,1/15/25,,3,Inquiry,Front (Chat),Customer Service,,,Referral rewards not provisioned,"Jessica Akpan invited a friend through a referral link to create an account and use services. Once the referral journey is completed, Jessica Akpan will be eligible for a gift card. After escalation, the customer was told that the gift card was provisioned and he would be able to see it sometime.",N/A,Email
no,2025,January,12345,The Dummy Bank,Consumer Credit,Nikola Jokic,185-act,1/12/25,1/15/25,,3,Inquiry,Front (Chat),Customer Service,,,Referral rewards not provisioned,"sudhir modi invited friends through a referral link to create an account and use services. Once the referral journey is completed, sudhir modi will be eligible for the gift cards. After escalation, the customer was told that the gift cards were provisioned and he would be able to see it sometime.",N/A,Email
no,2025,January,12345,The Dummy Bank,Consumer Credit,Nikola Jokic,186-act,1/12/25,1/15/25,,3,Inquiry,Front (Chat),Customer Service,,,Referral rewards not provisioned,"Ashish Jain invited a friend through a referral link to create an account and use services. Once the referral journey is completed, Ashish Jain will be eligible for a gift card. After escalation, the customer was told that the gift card was provisioned and he would be able to see it sometime.",N/A,Email
no,2025,January,12345,The Dummy Bank,Consumer Credit,Nikola Jokic,187-act,1/13/25,1/15/25,,2,Inquiry,Front (Chat),Customer Service,,,Referral rewards not provisioned,"Adam Kotlarz invited a friend through a referral link to create an account and use services. Once the referral journey is completed, Adam Kotlarz will be eligible for a gift card. After escalation, the customer was told that the gift card was provisioned and he would be able to see it sometime.",N/A,Email
no,2025,January,12345,The Dummy Bank,Consumer Credit,Nikola Jokic,188-act,1/14/25,1/15/25,,1,Inquiry,Front (Chat),Customer Service,,,Referral rewards not provisioned,"Lester Lee invited friends through a referral link to create an account and use services. Once the referral journey is completed, Lester Lee will be eligible for the gift cards. After escalation, the customer was told that the gift cards were provisioned and he would be able to see it sometime.",N/A,Email
no,2025,January,12345,The Dummy Bank,Consumer Credit,Nikola Jokic,189-act,1/15/25,1/15/25,,0,Inquiry,Front (Chat),Customer Service,,,Referral rewards not provisioned,"Moses Nadel invited a friend through a referral link to create an account and use services. Once the referral journey is completed,Moses Nadel will be eligible for a gift card. After escalation, the customer was told that the gift card was provisioned and he would be able to see it sometime.",N/A,Email
no,2025,January,12345,The Dummy Bank,Consumer Credit,Nikola Jokic,190-act,1/15/25,1/15/25,,0,Inquiry,Front (Chat),Customer Service,,,Referral rewards not provisioned,"Y. Global invited friends through a referral link to create an account and use services. Once the referral journey is completed, Y. Global will be eligible for the gift cards. After escalation, the customer was told that the gift cards were provisioned and he would be able to see it sometime.",N/A,Email
no,2025,January,12345,The Dummy Bank,Consumer Credit,Nikola Jokic,191-act,1/16/25,1/16/25,,0,Inquiry,Aloware (Call),Customer Service,,,Referral rewards not provisioned,"Jade Conley invited a friend through a referral link to create an account and use services. Once the referral journey is completed, Jade Conley will be eligible for a gift card. After escalation, the customer was told that the gift card was provisioned and he would be able to see it sometime.",N/A,Email
no,2025,January,12345,The Dummy Bank,Consumer Credit,Nikola Jokic,192-act,1/16/25,1/16/25,,0,Inquiry,Front (Chat),Customer Service,,,Referral rewards not provisioned,"Francis Nguyen invited a friend through a referral link to create an account and use services. Once the referral journey is completed, Francis Nguyen will be eligible for a gift card. After escalation, the customer was told that the gift card was provisioned and he would be able to see it sometime.",N/A,Email
no,2025,January,12345,The Dummy Bank,Consumer Credit,Nikola Jokic,193-act,1/16/25,1/16/25,,0,Inquiry,Front (Chat),Customer Service,,,Referral rewards not provisioned,"yitzchok fortgang  invited a friend through a referral link to create an account and use services. Once the referral journey is completed, yitzchok fortgang will be eligible for a gift card. After escalation, the customer was told that the gift card was provisioned and he would be able to see it sometime.",N/A,Email
no,2025,January,12345,The Dummy Bank,Consumer Credit,Nikola Jokic,194-act,1/17/25,1/17/25,,0,Inquiry,Front (Chat),Customer Service,,,Referral rewards not provisioned,"Mendy Friedman invited a friend through a referral link to create an account and use services. Once the referral journey is completed,Mendy Friedman will be eligible for a gift card. After escalation, the customer was told that the gift card was provisioned and he would be able to see it sometime.",N/A,Email
no,2025,January,12345,The Dummy Bank,Consumer Credit,Nikola Jokic,195-act,1/19/25,1/19/25,,0,Inquiry,Front (Chat),Customer Service,,,Referral rewards not provisioned,"David Parkinson invited a friend through a referral link to create an account and use services. Once the referral journey is completed, David Parkinson will be eligible for a gift card. After escalation, the customer was told that the gift card was provisioned and he would be able to see it sometime.",N/A,Email
no,2025,January,12345,The Dummy Bank,Consumer Credit,Nikola Jokic,196-act,1/19/25,1/19/25,,0,Inquiry,Front (Chat),Customer Service,,,Referral rewards not provisioned,"YANBING ZENG invited a friend through a referral link to create an account and use services. Once the referral journey is completed, YANBING ZENG will be eligible for a gift card. After escalation, the customer was told that the gift card was provisioned and he would be able to see it sometime.",N/A,Email
no,2025,January,12345,The Dummy Bank,Consumer Credit,Nikola Jokic,197-act,1/20/25,1/21/25,,1,Inquiry,Front (Chat),Customer Service,,,Referral rewards not provisioned,"Mark Hoppe invited a friend through a referral link to create an account and use services. Once the referral journey is completed, Mark Hoppe will be eligible for a gift card. After escalation, the customer was told that the gift card was provisioned and he would be able to see it sometime.",N/A,Email
no,2025,January,12345,The Dummy Bank,Consumer Credit,Nikola Jokic,198-act,1/20/25,1/21/25,,1,Inquiry,Front (Chat),Customer Service,,,Referral rewards not provisioned,"yitzchok fortgang invited friends through a referral link to create an account and use services. Once the referral journey is completed, yitzchok fortgang will be eligible for the gift cards. After escalation, the customer was told that the gift cards were provisioned and he would be able to see it sometime.",N/A,Email
no,2025,January,12345,The Dummy Bank,Consumer Credit,Nikola Jokic,199-act,1/21/25,1/23/25,,2,Inquiry,Aloware (Call),Customer Service,,,Referral rewards not provisioned,"Izzy Goldfuss invited friends through a referral link to create an account and use services. Once the referral journey is completed, Izzy Goldfuss will be eligible for the gift cards. After escalation, the customer was told that the gift cards were provisioned and he would be able to see it sometime.",N/A,Email
no,2025,January,12345,The Dummy Bank,Consumer Credit,Nikola Jokic,200-act,1/21/25,1/23/25,,2,Inquiry,Front (Chat),Customer Service,,,Referral rewards not provisioned,"Syeda Hillary invited a friend through a referral link to create an account and use services. Once the referral journey is completed, Syeda Hillary will be eligible for a gift card. After escalation, the customer was told that the gift card was provisioned and he would be able to see it sometime.",N/A,Email
no,2025,January,12345,The Dummy Bank,Consumer Credit,Nikola Jokic,201-act,1/22/25,1/23/25,,1,Inquiry,Front (Chat),Customer Service,,,Referral rewards not provisioned,"leah einhorn invited a friend through a referral link to create an account and use services. Once the referral journey is completed, leah einhorn will be eligible for a gift card. After escalation, the customer was told that the gift card was provisioned and he would be able to see it sometime.",N/A,Email
no,2025,January,12345,The Dummy Bank,Consumer Credit,Nikola Jokic,202-act,1/23/25,1/23/25,,0,Inquiry,Front (Chat),Customer Service,,,Referral rewards not provisioned,"Boyu Liu invited a friend through a referral link to create an account and use services. Once the referral journey is completed, Boyu Liu will be eligible for a gift card. After escalation, the customer was told that the gift card was provisioned and he would be able to see it sometime.",N/A,Email
no,2025,January,12345,The Dummy Bank,Consumer Credit,Nikola Jokic,203-act,1/25/25,1/27/25,,2,Inquiry,Front (Chat),Customer Service,,,Referral rewards not provisioned,"5109081708 5109081708 invited a friend through a referral link to create an account and use services. Once the referral journey is completed, 5109081708 5109081708 will be eligible for a gift card. After escalation, the customer was told that the gift card was provisioned and he would be able to see it sometime.",N/A,Email
no,2025,January,12345,The Dummy Bank,Consumer Credit,Nikola Jokic,204-act,1/27/25,1/27/25,,0,Inquiry,Front (Chat),Customer Service,,,Referral rewards not provisioned,"Seil Chung invited a friend through a referral link to create an account and use services. Once the referral journey is completed, Seil Chung will be eligible for a gift card. After escalation, the customer was told that the gift card was provisioned and he would be able to see it sometime.",N/A,Email
no,2025,January,12345,The Dummy Bank,Consumer Credit,Nikola Jokic,205-act,1/27/25,1/28/25,,1,Inquiry,Front (Chat),Customer Service,,,Referral rewards not provisioned,"Marsel Abdullin invited a friend through a referral link to create an account and use services. Once the referral journey is completed, Marsel Abdullin will be eligible for a gift card. After escalation, the customer was told that the gift card was provisioned and he would be able to see it sometime.",N/A,Email
no,2025,January,12345,The Dummy Bank,Consumer Credit,Nikola Jokic,206-act,1/27/25,1/28/25,,1,Inquiry,Front (Chat),Customer Service,,,Referral rewards not provisioned,"Igor Andreev invited a friend through a referral link to create an account and use services. Once the referral journey is completed, Igor Andreev will be eligible for a gift card. After escalation, the customer was told that the gift card was provisioned and he would be able to see it sometime.",N/A,Email
no,2025,January,12345,The Dummy Bank,Consumer Credit,Nikola Jokic,207-act,1/28/25,1/28/25,,0,Inquiry,Front (Chat),Customer Service,,,Referral rewards not provisioned,"Kenneth Simpson invited a friend through a referral link to create an account and use services. Once the referral journey is completed, Kenneth Simpson will be eligible for a gift card. After escalation, the customer was told that the gift card was provisioned and he would be able to see it sometime.",N/A,Email
no,2025,January,12345,The Dummy Bank,Consumer Credit,Nikola Jokic,208-act,1/30/25,1/31/25,,1,Inquiry,Front (Chat),Customer Service,,,Referral rewards not provisioned,"Pranay Kantilal Parmar invited a friend through a referral link to create an account and use services. Once the referral journey is completed, Pranay Kantilal Parmar will be eligible for a gift card. After escalation, the customer was told that the gift card was provisioned and he would be able to see it sometime.",N/A,Email
no,2025,January,12345,The Dummy Bank,Consumer Credit,Nikola Jokic,209-act,1/30/25,1/31/25,,1,Inquiry,Front (Chat),Customer Service,,,Referral rewards not provisioned,"Haswanth Panguluri invited a friend through a referral link to create an account and use services. Once the referral journey is completed, Haswanth Panguluri will be eligible for a gift card. After escalation, the customer was told that the gift card was provisioned and he would be able to see it sometime.",N/A,Email
no,2025,January,12345,The Dummy Bank,Consumer Credit,Nikola Jokic,210-act,1/30/25,1/31/25,,1,Inquiry,Front (Chat),Customer Service,,,Referral rewards not provisioned,"Shubham Patel invited friends through a referral link to create an account and use services. Once the referral journey is completed, Shubham Patel will be eligible for the gift cards. After escalation, the customer was told that the gift cards were provisioned and he would be able to see it sometime.",N/A,Email
no,2025,January,12345,The Dummy Bank,Consumer Credit,Nikola Jokic,211-act,1/31/25,1/31/25,,0,Inquiry,Front (Chat),Customer Service,,,Referral rewards not provisioned,"blake pratt invited a friend through a referral link to create an account and use services. Once the referral journey is completed, blake pratt will be eligible for a gift card. After escalation, the customer was told that the gift card was provisioned and he would be able to see it sometime.",N/A,Email
no,2025,February,12345,The Dummy Bank,Consumer Credit,Nikola Jokic,212-act,2/1/25,2/3/25,,2,,Front (Chat),,,,Referral rewards not provisioned,"Sharmila Annamreddy invited a friend through a referral link to create an account and use services. Once the referral journey is completed, Sharmila Annamreddy will be eligible for a gift card. After escalation, the customer was told that the gift card was provisioned and he would be able to see it sometime.",N/A,Email
no,2025,February,12345,The Dummy Bank,Consumer Credit,Nikola Jokic,213-act,2/2/25,2/3/25,,1,,Front (Chat),,,,Referral rewards not provisioned,"Yisroel Sonnenschein invited a friend through a referral link to create an account and use services. Once the referral journey is completed, Yisroel Sonnenschein will be eligible for a gift card. After escalation, the customer was told that the gift card was provisioned and he would be able to see it sometime.",N/A,Email
no,2025,February,12345,The Dummy Bank,Consumer Credit,Nikola Jokic,214-act,2/2/25,2/3/25,,1,,Front (Chat),,,,Referral rewards not provisioned,"8456626623 8456626623 invited friends through a referral link to create an account and use services. Once the referral journey is completed,8456626623 8456626623 will be eligible for the gift cards. After escalation, the customer was told that the gift cards were provisioned and he would be able to see it sometime.",N/A,Email
no,2025,February,12345,The Dummy Bank,Consumer Credit,Nikola Jokic,215-act,2/3/25,2/3/25,,0,,Front (Chat),,,,Referral rewards not provisioned,"Elliot Radov invited friends through a referral link to create an account and use services. Once the referral journey is completed, Elliot Radov will be eligible for the gift cards. After escalation, the customer was told that the gift cards were provisioned and he would be able to see it sometime.",N/A,Email
no,2025,February,12345,The Dummy Bank,Consumer Credit,Nikola Jokic,216-act,2/3/25,2/6/25,,3,,Front (Chat),,,,Referral rewards not provisioned,"eli stern invited friends through a referral link to create an account and use services. Once the referral journey is completed,eli stern will be eligible for the gift cards. After escalation, the customer was told that the gift cards were provisioned and he would be able to see it sometime.",N/A,Email
no,2025,February,12345,The Dummy Bank,Consumer Credit,Nikola Jokic,217-act,2/3/25,2/6/25,,3,,Front (Chat),,,,Referral rewards not provisioned,"ShengZheng Liu invited a friend through a referral link to create an account and use services. Once the referral journey is completed, ShengZheng Liu will be eligible for a gift card. After escalation, the customer was told that the gift card was provisioned and he would be able to see it sometime.",N/A,Email
no,2025,February,12345,The Dummy Bank,Consumer Credit,Nikola Jokic,218-act,2/3/25,2/6/25,,3,,Front (Chat),,,,Referral rewards not provisioned,"Joseph Rosenberg invited a friend through a referral link to create an account and use services. Once the referral journey is completed, Joseph Rosenberg will be eligible for a gift card. After escalation, the customer was told that the gift card was provisioned and he would be able to see it sometime.",N/A,Email
no,2025,February,12345,The Dummy Bank,Consumer Credit,Nikola Jokic,219-act,2/3/25,2/6/25,,3,,Front (Chat),,,,Referral rewards not provisioned,"ABHISHEK PRATAP Singh invited a friend through a referral link to create an account and use services. Once the referral journey is completed, ABHISHEK PRATAP Singh will be eligible for a gift card. After escalation, the customer was told that the gift card was provisioned and he would be able to see it sometime.",N/A,Email
no,2025,February,12345,The Dummy Bank,Consumer Credit,Nikola Jokic,220-act,2/3/25,2/6/25,,3,,Front (Chat),,,,Referral rewards not provisioned,"Heegeon Yang invited friends through a referral link to create an account and use services. Once the referral journey is completed, Heegeon Yang will be eligible for the gift cards. After escalation, the customer was told that the gift cards were provisioned and he would be able to see it sometime.",N/A,Email
no,2025,February,12345,The Dummy Bank,Consumer Credit,Nikola Jokic,221-act,2/4/25,2/6/25,,2,,Front (Chat),,,,Referral rewards not provisioned,"Andres Bahamon invited a friend through a referral link to create an account and use services. Once the referral journey is completed, Andres Bahamon will be eligible for a gift card. After escalation, the customer was told that the gift card was provisioned and he would be able to see it sometime.",N/A,Email
no,2025,February,12345,The Dummy Bank,Consumer Credit,Nikola Jokic,222-act,2/5/25,2/6/25,,1,,Front (Chat),,,,Referral rewards not provisioned,"Awaiz Chaudhary invited a friend through a referral link to create an account and use services. Once the referral journey is completed, Awaiz Chaudhary will be eligible for a gift card. After escalation, the customer was told that the gift card was provisioned and he would be able to see it sometime.",N/A,Email
no,2025,February,12345,The Dummy Bank,Consumer Credit,Nikola Jokic,223-act,2/5/25,2/6/25,,1,,Front (Chat),,,,Referral rewards not provisioned,"Daniel Bansale invited friends through a referral link to create an account and use services. Once the referral journey is completed, Daniel Bansale will be eligible for the gift cards. After escalation, the customer was told that the gift cards were provisioned and he would be able to see it sometime.",N/A,Email
no,2025,February,12345,The Dummy Bank,Consumer Credit,Nikola Jokic,224-act,2/5/25,2/6/25,,1,,Front (Chat),,,,Referral rewards not provisioned,"Angela Dorsey invited a friend through a referral link to create an account and use services. Once the referral journey is completed, Angela Dorsey will be eligible for a gift card. After escalation, the customer was told that the gift card was provisioned and he would be able to see it sometime.",N/A,Email
no,2025,February,12345,The Dummy Bank,Consumer Credit,Nikola Jokic,225-act,2/6/25,2/6/25,,0,,Front (Chat),,,,Referral rewards not provisioned,"Moshe Kohn invited friends through a referral link to create an account and use services. Once the referral journey is completed, Moshe Kohn will be eligible for the gift cards. After escalation, the customer was told that the gift cards were provisioned and he would be able to see it sometime.",N/A,Email
no,2025,February,12345,The Dummy Bank,Consumer Credit,Nikola Jokic,226-act,2/6/25,2/6/25,,0,,Front (Chat),,,,Referral rewards not provisioned,"Franz Stoll invited a friend through a referral link to create an account and use services. Once the referral journey is completed, Franz Stoll will be eligible for a gift card. After escalation, the customer was told that the gift card was provisioned and he would be able to see it sometime.",N/A,Email
no,2025,February,12345,The Dummy Bank,Consumer Credit,Nikola Jokic,227-act,2/6/25,2/6/25,,0,,Front (Chat),,,,Referral rewards not provisioned,"Ahmad ferooz invited a friend through a referral link to create an account and use services. Once the referral journey is completed, Ahmad ferooz will be eligible for a gift card. After escalation, the customer was told that the gift card was provisioned and he would be able to see it sometime.",N/A,Email
no,2025,February,12345,The Dummy Bank,Consumer Credit,Nikola Jokic,228-act,2/6/25,2/6/25,,0,,Front (Chat),,,,Referral rewards not provisioned,"Bet Se invited friends through a referral link to create an account and use services. Once the referral journey is completed, Bet Se will be eligible for the gift cards. After escalation, the customer was told that the gift cards were provisioned and he would be able to see it sometime.",N/A,Email
no,2025,February,12345,The Dummy Bank,Consumer Credit,Nikola Jokic,229-act,2/6/25,2/7/25,,1,,Front (Chat),,,,Referral rewards not provisioned,"Vincente Fernandes invited a friend through a referral link to create an account and use services. Once the referral journey is completed, Vincente Fernandes will be eligible for a gift card. After escalation, the customer was told that the gift card was provisioned and he would be able to see it sometime.",N/A,Email
no,2025,February,12345,The Dummy Bank,Consumer Credit,Nikola Jokic,230-act,2/7/25,2/7/25,,0,,Front (Chat),,,,Referral rewards not provisioned,"Dovid Fishman invited a friend through a referral link to create an account and use services. Once the referral journey is completed, Dovid Fishman will be eligible for a gift card. After escalation, the customer was told that the gift card was provisioned and he would be able to see it sometime.",N/A,Email
no,2025,February,12345,The Dummy Bank,Consumer Credit,Nikola Jokic,231-act,2/8/25,2/10/25,,2,,Front (Chat),,,,Referral rewards not provisioned,"Antonios Angelidis invited a friend through a referral link to create an account and use services. Once the referral journey is completed, Antonios Angelidis will be eligible for a gift card. After escalation, the customer was told that the gift card was provisioned and he would be able to see it sometime.",N/A,Email
no,2025,February,12345,The Dummy Bank,Consumer Credit,Nikola Jokic,232-act,2/8/25,2/10/25,,2,,Front (Chat),,,,Referral rewards not provisioned,"Mike Pol invited friends through a referral link to create an account and use services. Once the referral journey is completed, Mike Pol will be eligible for the gift cards. After escalation, the customer was told that the gift cards were provisioned and he would be able to see it sometime.",N/A,Email
no,2025,February,12345,The Dummy Bank,Consumer Credit,Nikola Jokic,233-act,2/8/25,2/10/25,,2,,Front (Chat),,,,Referral rewards not provisioned,"Chelsia Kwon invited a friend through a referral link to create an account and use services. Once the referral journey is completed,Chelsia Kwon will be eligible for a gift card. After escalation, the customer was told that the gift card was provisioned and he would be able to see it sometime.",N/A,Email
no,2025,February,12345,The Dummy Bank,Consumer Credit,Nikola Jokic,234-act,2/13/25,2/14/25,,1,,Front (Chat),,,,Referral rewards not provisioned,"Pete Nicholls invited a friend through a referral link to create an account and use services. Once the referral journey is completed,Pete Nicholls will be eligible for a gift card. After escalation, the customer was told that the gift card was provisioned and he would be able to see it sometime.",N/A,Email
no,2025,February,12345,The Dummy Bank,Consumer Credit,Nikola Jokic,235-act,2/15/25,2/17/25,,2,,Front (Chat),,,,Referral rewards not provisioned,"Tanner Harman invited a friend through a referral link to create an account and use services. Once the referral journey is completed, Tanner Harman will be eligible for a gift card. After escalation, the customer was told that the gift card was provisioned and he would be able to see it sometime.",N/A,Email
no,2025,February,12345,The Dummy Bank,Consumer Credit,Nikola Jokic,236-act,2/16/25,2/17/25,,1,,Front (Chat),,,,Referral rewards not provisioned,"pooja yong invited a friend through a referral link to create an account and use services. Once the referral journey is completed, pooja yong will be eligible for a gift card. After escalation, the customer was told that the gift card was provisioned and he would be able to see it sometime.",N/A,Email
no,2025,February,12345,The Dummy Bank,Consumer Credit,Nikola Jokic,237-act,2/18/25,2/19/25,,1,,Front (Chat),,,,Referral rewards not provisioned,"Ashrith Barthur invited a friend through a referral link to create an account and use services. Once the referral journey is completed, Ashrith Barthur will be eligible for a gift card. After escalation, the customer was told that the gift card was provisioned and he would be able to see it sometime.",N/A,Email
no,2025,February,12345,The Dummy Bank,Consumer Credit,Nikola Jokic,238-act,2/18/25,2/19/25,,1,,Front (Chat),,,,Referral rewards not provisioned,"Rick Silen invited friends through a referral link to create an account and use services. Once the referral journey is completed,Rick Silen will be eligible for the gift cards. After escalation, the customer was told that the gift cards were provisioned and he would be able to see it sometime.",N/A,Email
no,2025,February,12345,The Dummy Bank,Consumer Credit,Nikola Jokic,239-act,2/19/25,2/19/25,,0,,Front (Chat),,,,Referral rewards not provisioned,"Breindy Weissinvited a friend through a referral link to create an account and use services. Once the referral journey is completed,Breindy Weiss will be eligible for a gift card. After escalation, the customer was told that the gift card was provisioned and he would be able to see it sometime.",N/A,Email
no,2025,February,12345,The Dummy Bank,Consumer Credit,Nikola Jokic,240-act,2/19/25,2/20/25,,1,,Front (Chat),,,,Referral rewards not provisioned,"Darrel kirk invited a friend through a referral link to create an account and use services. Once the referral journey is completed,Darrel kirk will be eligible for a gift card. After escalation, the customer was told that the gift card was provisioned and he would be able to see it sometime.",N/A,Email
no,2025,February,12345,The Dummy Bank,Consumer Credit,Nikola Jokic,241-act,2/22/25,2/24/25,,2,,Front (Chat),,,,Referral rewards not provisioned,"Josh DeNutte invited a friend through a referral link to create an account and use services. Once the referral journey is completed,Josh DeNutte will be eligible for a gift card. After escalation, the customer was told that the gift card was provisioned and he would be able to see it sometime.",N/A,Email
no,2025,February,12345,The Dummy Bank,Consumer Credit,Nikola Jokic,242-act,2/22/25,2/24/25,,2,,Front (Chat),,,,Referral rewards not provisioned,"Yovany Tajiboy invited a friend through a referral link to create an account and use services. Once the referral journey is completed, Yovany Tajiboy will be eligible for a gift card. After escalation, the customer was told that the gift card was provisioned and he would be able to see it sometime.",N/A,Email
no,2025,February,12345,The Dummy Bank,Consumer Credit,Nikola Jokic,243-act,2/22/25,2/24/25,,2,,Front (Chat),,,,Referral rewards not provisioned,"Suk Yee Lau invited friends through a referral link to create an account and use services. Once the referral journey is completed, Suk Yee Lau will be eligible for the gift cards. After escalation, the customer was told that the gift cards were provisioned and he would be able to see it sometime.",N/A,Email
no,2025,February,12345,The Dummy Bank,Consumer Credit,Nikola Jokic,244-act,2/22/25,2/24/25,,2,,Front (Chat),,,,Referral rewards not provisioned,"Appala Siruvuri invited a friend through a referral link to create an account and use services. Once the referral journey is completed,Appala Siruvuri will be eligible for a gift card. After escalation, the customer was told that the gift card was provisioned and he would be able to see it sometime.",N/A,Email
no,2025,February,12345,The Dummy Bank,Consumer Credit,Nikola Jokic,245-act,2/22/25,2/24/25,,2,,Front (Chat),,,,Referral rewards not provisioned,"Nevedita Kailasam invited a friend through a referral link to create an account and use services. Once the referral journey is completed,Nevedita Kailasam will be eligible for a gift card. After escalation, the customer was told that the gift card was provisioned and he would be able to see it sometime.",N/A,Email
no,2025,February,12345,The Dummy Bank,Consumer Credit,Nikola Jokic,246-act,2/23/25,2/24/25,,1,,Front (Chat),,,,Referral rewards not provisioned,"Nelson Salgado invited a friend through a referral link to create an account and use services. Once the referral journey is completed,Nelson Salgado will be eligible for a gift card. After escalation, the customer was told that the gift card was provisioned and he would be able to see it sometime.",N/A,Email
no,2025,February,12345,The Dummy Bank,Consumer Credit,Nikola Jokic,247-act,2/24/25,2/24/25,,0,,Front (Chat),,,,Referral rewards not provisioned,"Miriam Radov invited a friend through a referral link to create an account and use services. Once the referral journey is completed, Miriam Radov will be eligible for a gift card. After escalation, the customer was told that the gift card was provisioned and he would be able to see it sometime.",N/A,Email
no,2025,February,12345,The Dummy Bank,Consumer Credit,Nikola Jokic,248-act,2/24/25,2/24/25,,0,,Front (Chat),,,,Referral rewards not provisioned,"Siyang Liu invited friends through a referral link to create an account and use services. Once the referral journey is completed, Siyang Liu will be eligible for the gift cards. After escalation, the customer was told that the gift cards were provisioned and he would be able to see it sometime.",N/A,Email
no,2025,February,12345,The Dummy Bank,Consumer Credit,Nikola Jokic,249-act,2/24/25,2/24/25,,0,,Front (Chat),,,,Referral rewards not provisioned,"Matt Wang invited a friend through a referral link to create an account and use services. Once the referral journey is completed, Matt Wang will be eligible for a gift card. After escalation, the customer was told that the gift card was provisioned and he would be able to see it sometime.",N/A,Email
no,2025,February,12345,The Dummy Bank,Consumer Credit,Nikola Jokic,250-act,2/26/25,2/27/25,,1,,Front (Chat),,,,Referral rewards not provisioned,"Huixia Lin invited friends through a referral link to create an account and use services. Once the referral journey is completed, Huixia Lin will be eligible for the gift cards. After escalation, the customer was told that the gift cards were provisioned and he would be able to see it sometime.",N/A,Email
no,2025,February,12345,The Dummy Bank,Consumer Credit,Nikola Jokic,251-act,2/26/25,2/27/25,,1,,Front (Chat),,,,Referral rewards not provisioned,"Becky Romero invited a friend through a referral link to create an account and use services. Once the referral journey is completed,Becky Romero will be eligible for a gift card. After escalation, the customer was told that the gift card was provisioned and he would be able to see it sometime.",N/A,Email
no,2025,February,12345,The Dummy Bank,Consumer Credit,Nikola Jokic,252-act,2/26/25,2/27/25,,1,,Front (Chat),,,,Referral rewards not provisioned,"Michael Mazengarb invited friends through a referral link to create an account and use services. Once the referral journey is completed, Michael Mazengarb will be eligible for the gift cards. After escalation, the customer was told that the gift cards were provisioned and he would be able to see it sometime.",N/A,Email
no,2025,February,12345,The Dummy Bank,Consumer Credit,Nikola Jokic,253-act,2/26/25,2/27/25,,1,,Front (Chat),,,,Referral rewards not provisioned,"Bjorn Gunderseninvited a friend through a referral link to create an account and use services. Once the referral journey is completed, Bjorn Gundersen will be eligible for a gift card. After escalation, the customer was told that the gift card was provisioned and he would be able to see it sometime.",N/A,Email
no,2025,February,12345,The Dummy Bank,Consumer Credit,Nikola Jokic,254-act,2/26/25,2/27/25,,1,,Front (Chat),,,,Referral rewards not provisioned,"Edward Radov invited a friend through a referral link to create an account and use services. Once the referral journey is completed,Edward Radov will be eligible for a gift card. After escalation, the customer was told that the gift card was provisioned and he would be able to see it sometime.",N/A,Email
no,2025,February,12345,The Dummy Bank,Consumer Credit,Nikola Jokic,255-act,2/27/25,2/28/25,,1,,Front (Chat),,,,Referral rewards not provisioned,"Yashu Patel invited a friend through a referral link to create an account and use services. Once the referral journey is completed, Yashu Patel will be eligible for a gift card. After escalation, the customer was told that the gift card was provisioned and he would be able to see it sometime.",N/A,Email
no,2025,February,12345,The Dummy Bank,Consumer Credit,Nikola Jokic,256-act,2/27/25,2/28/25,,1,,Front (Chat),,,,Referral rewards not provisioned,"9894485839 9894485839 invited a friend through a referral link to create an account and use services. Once the referral journey is completed,9894485839 9894485839 will be eligible for a gift card. After escalation, the customer was told that the gift card was provisioned and he would be able to see it sometime.",N/A,Email
no,2025,February,12345,The Dummy Bank,Consumer Credit,Nikola Jokic,257-act,2/28/25,3/3/25,,3,,Front (Chat),,,,Referral rewards not provisioned,"Dhanya Venkataraman invited a friend through a referral link to create an account and use services. Once the referral journey is completed, Dhanya Venkataraman will be eligible for a gift card. After escalation, the customer was told that the gift card was provisioned and he would be able to see it sometime.",N/A,Email